Halifax, UK
Birmingham, UK
Winchester, UK
Southampton, UK
London, UK
Cockermouth, UK
Fort William, UK
Portree, UK
Inverness, UK
Thrandeston, UK

Amsterdam, The Netherlands
Utrecht, The Netherlands

Paris, France
Arcachon, France
Argeles Sur Mer, France
Cotignac, France
Nice, France
Monaco, France
Voiron, France
Alpe D'Huez, France

Barcelona, Spain
Salou, Spain
Ayamonte, Spain

Faro, Portugal
Lagos, Portugal

Zurich, Switzerland

Gaschurn, Austria
Salzburg, Austria

Ljubljana, Slovenia

Zagreb, Croatia
Zadar, Croatia
Split, Croatia

Pisa, Italy
Rome, Italy
Sorrento, Italy
Brindisi, Italy

Patras, Greece
Athens, Greece

Belgrade, Serbia

Budapest, Hungary

Bonn, Germany
Berlin, Germany
Munich, Germany
Pforzheim, Germany

Copenhagen, Denmark

Lund, Sweden
Ã…re, Sweden
Stockholm, Sweden
Uppsala, Sweden

Oslo, Norway

Wroclaw, Poland
Gdansk, Poland
Krakow, Poland

Prague, Czech Republic
Semily, Czech Republic

Johannesburg, South Africa
Sedgefield, South Africa
Kimberley, South Africa
Upington, South Africa

Ais Ais, Namibia
Keetmanshoop, Namibia
Sesriem, Namibia
Swakopmund, Namibia
Windhoek, Namibia
Tsumeb, Namibia

Sepupa, Botswana
Maun, Botswana
Kasane, Botswana

Livingston, Zambia
Lusaka, Zambia
Lufupa River Camp, Zambia

Harare, Zimbabwe
Gweru, Zimbabwe

Dubai, United Arab Emirates

New Delhi, India

Colombo, Sri Lanka
Galle, Sri Lanka
Andugoda, Ahangama, Sri Lanka
Deniyaya, Sri Lanka
Matara, Sri Lanka
Embilipitiya, Sri Lanka
Nuwara Eliya, Sri Lanka
Kandy, Sri Lanka
Dambulla, Sri Lanka

Bangkok, Thailand
Ko Samet, Thailand
Krabi, Thailand
Ton Sai, Thailand
Hat Yai, Thailand

Kuala Lumpur, Malaysia
Penang, Malaysia

Singapore, Singapore

Jakarta, Indonesia
Yogyakarta, Indonesia
Banyuwangi, Indonesia
Denpasar, Indonesia
Ubud, Indonesia
Padang Bai, Indonesia

Ho Chi Minh City, Vietnam
Da Lat, Vietnam
Nha Trang, Vietnam
Buen Ma Thuot, Vietnam
Kon Tum, Vietnam
Hoi An, Vietnam
Danang, Vietnam
Hue, Vietnam
Hanoi, Vietnam
Ha Long Bay, Vietnam

Melbourne, Australia
Sydney, Australia
Mildura, Australia
Perth, Australia
Carnarvon, Australia
Eudamullah, Western Australia
Jimba Jimba, Western Australia
Carnegie, Western Australia
Cairns, Australia
Atherton, Australia
Cape Tribulation, Australia

Auckland, New Zealand,
Mount Maunganui, New Zealand
Queenstown, New Zealand
Wanaka, New Zealand
Franz Josef Glacier, New Zealand
Greymouth, New Zealand
Nelson, New Zealand,
Motueka, New Zealand
Blenheim, New Zealand,
Kaikoura, New Zealand,
Wellington, New Zealand
New Plymouth, New Zealand
Coromandel, New Zealand

Miami, USA
Key West, USA

Nassau, Bahamas

St Thomas, US Virgin Islands

Philipsburg, Sint Maarten
